Tempo,Angolo,Velocità angolare,Accelerazione angolare,Lunghezza,Velocità di allungamento,Accelerazione di allungamento
3534,-65.166916,0.0,0.0,41.43091,0.0,0.0
3550,-65.166916,0.0,0.0,41.43091,0.0,0.0
3569,-65.166916,0.0,0.0,41.43091,0.0,0.0
3583,-65.166916,0.0,0.0,41.43091,0.0,0.0
3617,-64.94085,23.517273,1216.6019,41.506554,7.893748,414.59842
3630,-64.245514,47.06097,1173.7971,41.743088,16.24334,438.16138
3648,-63.104427,69.37355,1102.9652,42.147114,25.198448,480.3354
3663,-61.558456,89.842636,1004.88776,42.729065,35.037678,537.20404
3680,-59.64993,108.03437,881.0174,43.507126,46.01194,604.3146
3698,-57.432995,123.50796,735.04517,44.501175,58.246185,676.55707
3715,-54.960434,135.96405,572.56915,45.735863,71.80621,748.9387
3730,-52.298496,145.17992,401.95563,47.23097,86.610535,816.5297
3746,-49.511177,151.12949,232.5432,49.00519,102.513374,875.37463
3762,-46.655334,153.965,73.21505,51.077087,119.33658,922.8143
3787,-43.793045,153.9807,-68.09471,53.453163,136.80475,957.37463
3804,-40.94646,151.57263,-182.2726,56.165012,153.88387,537.82074
3820,-38.164112,148.18082,-154.36778,59.00707,146.44095,-1317.5571
3837,-35.440598,146.69302,11.102492,61.396595,107.20727,-2835.913
3857,-32.696365,149.12373,260.583,62.839188,45.296658,-3686.6226
3873,-29.879686,156.61877,556.018,63.034363,-24.106731,-3677.4458
3891,-26.886106,169.71959,867.5575,62.00477,-85.173676,-2832.978
3907,-23.618464,188.23962,1144.6743,60.046875,-124.27744,-1360.9305
3923,-19.979307,210.8102,1296.5112,57.647327,-133.16397,402.99802
3940,-15.938249,233.93924,1200.0685,55.390274,-110.451675,1977.0826
3957,-11.522452,253.04797,890.4271,53.721413,-73.65441,2082.708
3972,-6.8366847,265.4572,471.14447,52.73608,-35.489567,2141.5115
3988,-2.0156853,269.66544,-7.0815763,52.44504,3.0694,2139.0857
4005,2.7872689,265.2798,-475.12204,52.840527,40.871174,2071.7632
4023,7.422011,253.14519,-868.67596,53.893597,76.80097,1948.0999
4039,11.7668085,235.03847,-1148.7086,55.55792,110.00614,1747.5264
4054,15.74194,213.69005,-1216.4574,57.699425,127.10262,154.3446
4074,19.33546,193.27652,-1066.3174,59.885586,115.535904,-1431.3104
4087,22.587847,176.65787,-810.30457,61.628555,78.66797,-2672.195
4107,25.576162,164.91747,-528.6244,62.55507,25.094896,-3325.1584
4121,28.401419,158.00977,-264.64636,62.47666,-33.867615,-3279.3835
4137,31.136242,155.37277,-46.693718,61.4111,-85.85617,-2564.1763
4155,33.851078,155.94891,97.606674,59.578053,-120.52817,-1342.8901
4170,36.582787,158.13327,132.02151,57.350433,-131.28923,121.40764
4188,39.342613,159.69444,23.581907,55.16363,-117.00132,1304.2504
4204,42.10729,158.61972,-149.42471,53.32754,-94.99795,1231.5531
4221,44.815434,154.49731,-327.95618,51.866623,-74.44003,1147.5186
4237,47.42443,147.32622,-501.06015,50.74828,-55.42506,1054.7217
4256,49.88039,137.31117,-657.9247,49.94516,-38.08935,957.142
4274,52.140396,124.79969,-790.60706,49.426388,-22.454653,859.0775
4287,54.160023,110.30204,-894.0086,49.16292,-8.527385,765.18335
4305,55.916206,94.29999,-967.05585,49.124947,3.8429134,679.03156
4321,57.38556,77.338806,-1010.89233,49.28633,14.800027,603.78265
4337,58.559635,59.855915,-1028.6295,49.62476,24.576748,541.3145
4354,59.432213,42.287064,-1024.0455,50.121334,33.393024,492.82785
4371,60.005707,24.979162,-1001.0929,50.76139,41.493095,458.5863
4386,60.287537,8.223204,-963.3955,51.533905,49.11446,438.1854
4404,60.290405,-7.7403774,-914.06946,52.431145,56.47795,430.66748
4420,60.028946,-22.809265,-855.3071,53.45486,63.82721,434.7096
4436,59.520958,-36.78864,-789.2375,54.60265,71.319405,448.76663
4454,58.785393,-49.59574,-718.44434,55.879173,78.51191,219.47949
4470,57.843044,-61.31103,-668.0276,57.20214,75.00868,-621.67017
4487,56.708115,-72.48628,-656.97217,58.348576,58.200672,-1325.0388
4504,55.384876,-83.82463,-688.5701,59.119617,31.614382,-1760.7241
4521,53.865982,-96.006546,-757.6382,59.393684,0.5632367,-1851.1743
4543,52.13201,-109.57562,-851.83844,59.14761,-28.931335,-1584.552
4556,50.148666,-124.85846,-951.0112,58.454315,-51.29022,-1012.4456
4573,47.888744,-141.68466,-1024.7139,57.47337,-62.129555,-244.6477
4589,45.340027,-159.24982,-1035.5789,56.42562,-59.346237,567.2481
4604,42.501717,-176.19908,-951.5294,55.53878,-43.579453,1265.8656
4621,39.393406,-190.95103,-784.41046,54.99126,-20.903454,1389.763
4640,36.05995,-202.4565,-568.56433,54.84088,3.3519213,1474.3806
4654,32.57088,-209.9856,-319.03275,55.11124,28.826437,1538.0999
4671,28.99115,-213.16632,-61.210438,55.818386,54.50751,1364.2839
4688,25.3923,-212.48907,124.03191,56.902794,71.90967,662.23303
4705,21.828085,-209.59966,199.9096,58.171898,76.14359,-167.76154
4721,18.330807,-206.32317,174.78604,59.390194,66.50449,-958.1876
4739,14.879129,-204.13655,75.30318,60.342285,44.961212,-1558.7878
4755,11.447751,-204.03186,-67.430435,60.86002,15.746095,-1855.7755
4772,7.992838,-206.48518,-223.3788,60.860268,-15.529381,-1796.2188
4789,4.4791,-211.459,-362.1914,60.359573,-42.83259,-1397.0486
4805,0.86609167,-218.39894,-452.01923,59.46996,-61.08841,-741.0256
4821,-2.8638263,-226.18764,-460.18265,58.376316,-67.047745,38.571632
4838,-6.723121,-233.24597,-361.70532,57.292465,-59.949814,788.28973
4855,-10.684121,-237.71538,-153.81966,56.42636,-41.56668,1359.0204
4871,-14.674788,-237.98134,130.0686,55.93776,-16.007212,1638.1407
4888,-18.630867,-233.2721,428.01953,55.90086,11.419135,1577.6841
4905,-22.47022,-223.9328,671.83264,56.299923,35.09507,1198.4496
4922,-26.125057,-211.28674,817.2213,57.030952,50.305317,585.7968
4937,-29.544388,-197.13554,857.0834,57.92171,54.168194,-129.08086
4955,-32.72735,-183.04865,813.8395,58.77802,46.182724,-805.9613
4972,-35.68483,-170.1399,721.32446,59.412334,28.092466,-1315.3816
4988,-38.43374,-158.98557,612.67303,59.68311,3.6137729,-1564.3113
5004,-41.01411,-149.58678,513.77527,59.523117,-22.570318,-1513.6946
5021,-43.448437,-141.62405,444.4165,58.946114,-45.45936,-1179.8721
5039,-45.76138,-134.46101,418.53983,58.042202,-60.85912,-630.26044
5055,-47.951725,-127.31859,444.13773,56.965733,-65.97073,26.734764
5071,-50.016586,-119.317085,520.0459,55.896507,-60.04628,668.1188
5088,-51.93721,-109.717995,626.50104,55.004932,-45.98891,852.5505
5105,-53.681435,-98.41586,720.85333,54.3509,-32.382023,773.80725
5121,-55.220654,-85.71767,796.6716,53.914577,-20.081875,700.374
5137,-56.538143,-71.91388,853.21893,53.673756,-8.948352,634.44617
5154,-57.617504,-57.334686,890.7212,53.610104,1.1546907,577.9519
5171,-58.449608,-42.271908,910.3293,53.707752,10.40825,532.15674
5189,-59.02881,-27.002134,913.5978,53.954464,19.002403,497.82745
5206,-59.352962,-11.793508,902.24506,54.340897,27.125734,475.24924
5221,-59.42504,3.08852,878.0416,54.85955,34.9545,464.20862
5238,-59.25264,17.461447,842.5582,55.50752,42.685284,459.27908
5255,-58.845364,31.19001,802.07404,56.26152,46.301056,-29.494843
5272,-58.215065,44.28752,770.9111,57.00721,41.827827,-495.5936
5288,-57.368805,57.02871,758.6263,57.618156,30.339617,-856.2064
5305,-56.310963,69.74446,768.791,57.99409,14.190628,-1046.7844
5323,-55.036125,82.82693,798.87146,58.08307,-3.502665,-1035.0597
5340,-53.538605,96.51575,840.42035,57.887573,-19.301079,-825.3422
5355,-51.807583,110.89369,879.7068,57.46564,-30.196844,-458.66064
5372,-49.835445,125.761055,899.1414,56.91929,-34.125343,-5.3923798
5388,-47.608715,140.69543,880.8719,56.37039,-30.34209,451.11533
5405,-45.138756,154.90886,812.5762,55.945393,-19.525843,823.3568
5422,-42.44338,167.55417,694.4497,55.7464,-3.7105105,1040.0352
5439,-39.556908,177.90556,542.50574,55.832703,14.092767,1058.7977
5455,-36.51954,185.627,384.44617,56.20917,30.498486,875.2604
5472,-33.37257,190.87259,249.96387,56.825897,42.37286,523.838
5489,-30.156834,194.22745,160.73827,57.585773,47.427406,72.31081
5504,-26.902899,196.53094,124.768616,58.363686,44.719395,-392.05975
5521,-23.607317,198.65889,137.4028,59.035572,34.757652,-782.992
5539,-20.27262,201.31651,185.81827,59.493004,19.420103,-1026.6202
5555,-16.887861,204.9577,252.43118,59.669235,1.590116,-1078.872
5571,-13.437175,209.71841,317.43155,59.55063,-15.42158,-933.1563
5588,-9.89683,215.40948,360.3451,59.176952,-28.554447,-620.12836
5605,-6.25521,221.49774,361.58948,58.63331,-35.498062,-202.21094
5623,-2.5098848,227.1566,306.38568,58.033253,-35.1636,238.31912
5639,1.3147216,231.38016,190.74936,57.498806,-27.914543,613.63367
5656,5.1888213,233.23756,25.870663,57.13185,-15.480666,851.20685
5672,9.071817,232.1081,-162.41965,56.99694,-0.5598896,906.732
5689,12.905356,227.88536,-340.24307,57.10931,13.674654,773.235
5707,16.656538,220.97537,-478.7144,57.43352,24.329973,481.0004
5722,20.267029,212.23305,-560.9752,57.88829,29.193192,93.40149
5740,23.721094,202.60161,-587.3172,58.368687,27.340412,-311.61752
5757,27.02298,192.89003,-569.8001,58.764633,19.126331,-655.4522
5773,30.159208,183.73499,-526.58527,58.9805,6.193526,-871.71716
5789,33.151222,175.37717,-476.55054,58.958176,-9.006436,-922.755
5805,36.00719,167.7997,-436.5556,58.683903,-23.593847,-802.2213
5823,38.746445,160.69853,-419.70706,58.189644,-34.921513,-535.5192
5839,41.36356,153.63487,-434.56738,57.549828,-40.92604,-175.79584
5857,43.86383,146.02313,-483.59796,56.860447,-40.62338,210.05038
5872,46.22607,137.34956,-561.59503,56.229492,-34.185555,549.4768
5889,48.430798,127.22393,-656.0281,55.74882,-22.913315,782.7211
5905,50.453617,115.50703,-749.69147,55.48175,-8.939774,859.08563
5923,52.27217,102.347206,-824.03577,55.44815,4.6598325,772.6019
5940,53.862915,88.14828,-872.695,55.628647,16.502977,608.06854
5956,55.209797,73.40089,-891.9368,55.975334,24.259058,310.64774
5973,56.309963,58.535324,-887.2806,56.40793,26.624258,-28.670862
5989,57.162262,43.900913,-869.37695,56.83212,23.431015,-346.0151
6007,57.77389,29.58779,-849.3849,57.162163,15.530726,-585.1543
6023,58.149597,15.561919,-836.036,57.33258,4.6020803,-704.38586
6039,58.293037,1.6673179,-834.0295,57.310734,-7.162143,-684.4106
6057,58.20475,-12.284135,-843.49976,57.10223,-17.452038,-531.3297
6072,57.88252,-26.462076,-860.1807,56.748875,-24.275959,-274.82394
6090,57.320168,-40.959957,-876.20435,56.31945,-26.287773,38.262207
6106,56.514565,-55.641808,-881.6178,55.90098,-23.008595,349.47617
6123,55.465557,-70.24329,-867.4299,55.57885,-14.965422,601.9419
6140,54.17296,-84.44463,-829.7762,55.420002,-3.8281493,698.4018
6156,52.653347,-97.81424,-771.9189,55.45544,8.217097,748.4841
6172,50.922115,-110.05161,-697.33417,55.695568,20.402964,673.1969
6188,48.99786,-121.01164,-620.92584,56.119255,29.896711,451.38306
6204,46.898766,-130.79204,-556.15454,56.666817,34.99951,152.91013
6222,44.644833,-139.66206,-512.7626,57.255802,34.86967,-167.0625
6238,42.248024,-148.01831,-494.64478,57.79963,29.633297,-450.63937
6255,39.71331,-156.2761,-499.81006,58.220432,20.344667,-646.12164
6271,37.039505,-164.76598,-521.30786,58.464745,8.78989,-718.7431
6291,34.219116,-173.68349,-548.47375,58.5127,-2.8589394,-656.8222
6309,31.246471,-183.01117,-568.18567,58.380955,-12.430997,-474.0099
6324,28.120277,-192.49823,-566.6565,58.119865,-18.184687,-207.3216
6341,24.835747,-201.70268,-532.0565,57.801453,-19.15359,91.28481
6356,21.402363,-210.00938,-457.90717,57.50806,-15.292476,362.40482
6371,17.84046,-216.76349,-346.54294,57.313435,-7.5158854,552.62494
6389,14.1893835,-221.4228,-210.5645,57.269745,2.460924,624.0876
6404,10.473369,-223.74663,-69.10049,57.396385,12.544838,563.22046
6423,6.73554,-223.81528,56.567253,57.677094,20.582596,382.5002
6439,3.019395,-222.04169,150.06917,58.061638,24.841965,119.20354
6456,-0.6538064,-219.03441,204.5758,58.478115,24.385746,-174.06613
6472,-4.273298,-215.43102,222.44322,58.847286,19.189814,-440.35022
6489,-7.8337836,-211.77193,212.93385,59.096104,10.143276,-628.2898
6506,-11.335425,-208.41016,189.22287,59.17294,-1.1235449,-702.715
6524,-14.784478,-205.46274,165.61414,59.05746,-12.580834,-651.1618
6539,-18.185179,-202.81487,155.48582,58.76394,-22.189148,-485.5779
6557,-21.542152,-200.14664,169.5327,58.337555,-28.307085,-239.21552
6573,-24.855309,-196.99123,214.10025,57.844475,-29.972355,40.724106
6589,-28.10237,-192.84084,289.1067,57.36371,-27.07443,299.62546
6607,-31.276217,-187.21628,387.79645,56.963497,-20.351088,491.2252
6623,-34.338184,-179.84685,496.70947,56.697987,-11.256385,581.24634
6639,-37.2588,-170.6979,599.99646,56.5914,-1.6222805,557.1557
6657,-40.019936,-159.94699,684.1324,56.63705,6.728658,427.98752
6674,-42.58818,-148.02972,740.78644,56.7999,12.230278,222.69629
6689,-44.951218,-135.40546,769.4412,57.024048,13.95999,-17.101852
6706,-47.09969,-122.50841,775.62616,57.24328,11.732763,-244.29855
6723,-49.033203,-109.6351,768.3338,57.39599,6.1241183,-416.71866
6740,-50.753567,-96.929016,757.07764,57.43505,-1.6741353,-503.3234
6757,-52.262848,-84.39427,749.7891,57.33683,-10.081608,-489.69965
6773,-53.566242,-71.88806,751.5409,57.10456,-17.455816,-379.83838
6789,-54.658485,-59.285812,763.9627,56.769127,-22.327633,-195.64532
6808,-55.53966,-46.382713,785.22363,56.38034,-23.743488,28.744684
6823,-56.20154,-33.107872,810.4436,55.99984,-21.37357,252.42346
6840,-56.640045,-19.383455,833.1635,55.687492,-15.543692,436.2797
6857,-56.846573,-5.3644395,846.81683,55.495167,-7.2277265,544.21405
6873,-56.818085,8.77572,847.3739,55.44985,1.7652084,536.4376
6889,-56.554897,22.794622,834.4026,55.553463,10.603995,503.2795
6906,-56.059162,36.532948,810.53424,55.79456,17.87265,356.27405
6924,-55.339294,49.798897,781.7739,56.13296,22.19158,156.27725
6939,-54.40302,62.58328,754.6934,56.514343,22.983654,-60.63877
6957,-53.254375,74.99881,734.58716,56.87994,20.28518,-255.78712
6973,-51.902603,87.14421,724.26166,57.17531,14.769398,-394.03967
6989,-50.351364,99.1825,723.1941,57.362877,7.606571,-451.66998
7007,-48.596146,111.27906,727.72766,57.42736,0.21533272,-419.74915
7024,-46.63974,123.44763,731.5784,57.377033,-5.931715,-305.62234
7039,-44.482903,135.60812,726.89557,57.243355,-9.636309,-132.14655
7057,-42.12495,147.56337,705.88086,57.073833,-10.186872,67.00835
7072,-39.57344,158.98418,662.90204,56.922543,-7.475492,253.45065
7090,-36.837208,169.49933,596.48413,56.840347,-2.020108,390.9777
7106,-33.93611,178.73808,510.74863,56.86475,5.1193333,452.3239
7124,-30.893654,186.44955,414.87433,57.012505,12.545352,424.7161
7140,-27.72846,192.57547,320.5871,57.276733,18.801853,312.1882
7158,-24.473673,197.22409,239.51822,57.626415,22.605886,135.56546
7172,-21.159718,200.68027,179.52101,58.011948,23.156908,-71.12857
7190,-17.787321,203.3378,142.77031,58.378944,20.269236,-270.08096
7207,-14.378785,205.55887,126.69833,58.67149,14.403814,-423.2006
7222,-10.938874,207.63628,124.42312,58.847984,6.580994,-502.52798
7241,-7.455998,209.73196,126.64479,58.88712,-1.8633368,-494.49243
7257,-3.9421663,211.83125,123.19687,58.7907,-9.443752,-402.14798
7273,-0.3965864,213.7564,104.73135,58.58419,-14.904084,-244.949
7289,3.1732433,215.19722,64.46326,58.310905,-17.41623,-54.563198
7307,6.764632,215.76424,-0.39706278,58.021725,-16.7334,132.46953
7323,10.3532505,215.06158,-87.078964,57.76888,-13.225951,279.503
7339,13.921655,212.7818,-187.81252,57.59185,-7.791591,359.68546
7357,17.433613,208.79086,-290.89584,57.51294,-1.6915717,359.43124
7372,20.871233,203.13554,-384.66528,57.532005,3.7519562,281.4386
7394,24.19833,196.07188,-459.6347,57.627754,7.3591585,143.89929
7411,27.40402,187.933,-511.71945,57.76314,8.372983,-24.65741
7424,30.469486,179.10806,-541.8099,57.891758,6.5521784,-189.72333
7438,33.38932,169.91354,-555.15607,57.9682,2.227493,-318.7461
7456,36.15075,160.5958,-559.27057,57.956917,-3.7640219,-386.70343
7472,38.757565,151.22427,-562.1136,57.83926,-10.289712,-381.3354
7490,41.205696,141.77275,-570.44183,57.616867,-16.110916,-304.37476
7507,43.495632,132.09732,-588.7678,57.3106,-20.145779,-170.73633
7528,45.618256,122.031265,-618.62067,56.9576,-21.642744,-5.6728954
7545,47.57032,111.36565,-658.52313,56.602547,-20.322508,160.90622
7559,49.343166,99.942856,-704.20654,56.291378,-16.405146,299.17657
7573,50.917072,87.755875,-749.4518,56.0632,-10.585109,385.06824
7589,52.277637,74.88924,-788.0633,55.941822,-3.8834808,405.12717
7608,53.420586,61.43177,-815.754,55.93222,2.6022546,358.21005
7623,54.332798,47.64956,-830.7492,56.02155,7.7965975,255.32129
7642,55.014027,33.68932,-834.47064,56.181786,10.9423685,116.52871
7658,55.46113,19.746403,-830.43677,56.375114,11.64529,-32.07908
7674,55.67542,5.9293647,-823.1194,56.558567,9.982761,-161.85477
7691,55.659763,-7.773964,-816.39496,56.698112,6.462308,-250.73476
7709,55.4156,-21.395866,-812.6351,56.768898,1.9112858,-283.0913
7724,54.944954,-34.95951,-812.1252,56.761967,-2.6579864,-254.10579
7742,54.246796,-48.545685,-813.0095,56.685402,-6.2718673,-170.17166
7758,53.321384,-62.13528,-811.7225,56.562122,-8.129621,-47.534275
7774,52.171505,-75.62939,-803.8531,56.425587,-7.772088,90.593796
7792,50.79527,-88.93162,-785.28296,56.314507,-5.160696,217.8419
7808,49.202858,-101.79299,-753.7048,56.2636,-0.69183654,310.1425
7825,47.398537,-114.032745,-709.3434,56.29792,4.906879,350.1751
7842,45.395138,-125.45197,-655.4662,56.4287,10.6753025,329.62003
7858,43.208595,-135.92883,-597.6468,56.650272,15.606224,251.47017
7874,40.86219,-145.42319,-542.39056,56.940098,18.831465,129.90967
7892,38.35873,-154.075,-494.81696,57.26664,19.811747,-14.12686
7908,35.72173,-162.00789,-458.3202,57.588642,18.385008,-153.8691
7925,32.95862,-169.42273,-433.05212,57.868137,14.841982,-264.44003
7942,30.067928,-176.51042,-416.36935,58.075672,9.824557,-326.7544
7958,27.064594,-183.35095,-403.4763,58.19323,4.2577806,-330.2579
7975,23.946995,-189.96854,-388.1078,58.22016,-0.8792023,-276.03488
7992,20.72136,-196.2637,-363.82846,58.171192,-4.7046227,-176.05476
8008,17.398634,-202.03389,-325.36996,58.07391,-6.616627,-51.20444
8025,13.987862,-207.01927,-269.86047,57.961716,-6.407894,73.793945
8041,10.504607,-210.93625,-197.9256,57.870182,-4.3003645,173.04459
8058,6.966715,-213.54546,-113.86046,57.825676,-0.8918665,227.44272
8075,3.3973465,-214.70161,-24.862741,57.843044,2.9688568,226.52126
8092,-0.18542406,-214.39032,60.86088,57.922142,6.355739,170.90598
8109,-3.7493484,-212.73145,135.70523,58.047848,8.430423,72.18352
8125,-7.2779665,-209.94716,195.12527,58.193375,8.634077,-49.689934
8142,-10.748488,-206.31473,238.02588,58.324608,6.7852855,-169.74823
8158,-14.153178,-202.08932,266.9327,58.409306,3.1136734,-264.7364
8175,-17.48589,-197.46275,286.76526,58.42143,-1.8018019,-316.2328
8191,-20.735016,-192.54517,303.61053,58.34695,-7.1315875,-314.46677
8213,-23.89792,-187.33221,323.52106,58.186558,-11.98303,-260.18625
8224,-26.978224,-181.71329,351.42642,57.95434,-15.566273,-163.55566
8239,-29.958614,-175.54498,390.04553,57.677494,-17.30691,-43.08036
8256,-32.828552,-168.6441,439.53815,57.387974,-16.986217,79.782486
8273,-35.57774,-160.83865,497.37833,57.12095,-14.76102,182.07266
8290,-38.183903,-152.04758,558.71405,56.903957,-11.128239,246.96173
8307,-40.640903,-142.21997,618.09485,56.754044,-6.788455,264.83365
8324,-42.924553,-131.46317,670.06604,56.6768,-2.5587974,234.77342
8340,-45.01845,-119.948555,711.06177,56.66395,0.8156024,165.05841
8357,-46.91873,-107.829056,740.12103,56.69626,2.802192,70.61685
8374,-48.61049,-95.34061,758.41815,56.746742,3.1429462,-28.507732
8393,-50.094646,-82.5941,768.911,56.79088,1.9133444,-115.10863
8410,-51.364967,-69.713394,775.1104,56.80379,-0.53224164,-172.04955
8426,-52.41853,-56.75744,780.273,56.76977,-3.598107,-188.90901
8443,-53.256355,-43.692207,786.5975,56.68413,-6.5906963,-163.02533
8459,-53.874687,-30.521744,794.76935,56.5542,-8.823861,-99.62213
8477,-54.272564,-17.196484,803.9655,56.39725,-9.767518,-10.54331
8492,-54.446968,-3.739271,812.1116,56.237328,-9.118512,88.15629
8506,-54.39623,9.834248,816.50397,56.101997,-6.874633,178.26288
8523,-54.118782,23.439808,814.6082,56.015556,-3.3116581,243.92293
8540,-53.61588,36.933247,804.8684,55.996086,1.0507089,273.41275
8557,-52.890026,50.197678,787.23303,56.051414,5.5633287,261.7544
8574,-51.945473,63.12003,763.2237,56.17856,9.550645,210.9974
8592,-50.786922,75.629776,735.52484,56.36381,12.429984,130.1525
8609,-49.424343,87.66171,707.3377,56.58497,13.804502,33.492157
8625,-47.865944,99.231834,681.3227,56.813896,13.565695,-60.904484
8642,-46.116997,110.40389,658.9277,57.02765,11.86773,-138.50172
8658,-44.187073,121.22103,640.15845,57.20356,9.120198,-185.31065
8675,-42.07811,131.75105,623.31696,57.329052,5.903502,-194.0136
8692,-39.79595,141.99664,605.461,57.401466,2.8679643,-164.24797
8708,-37.345657,151.91092,582.93475,57.42898,0.6051358,-103.04537
8725,-34.736824,161.37456,552.23645,57.428226,-0.46110174,-23.343666
8741,-31.975132,170.24036,510.86047,57.422028,-0.1680956,57.873905
8758,-29.073853,178.31729,458.10556,57.430706,1.3844769,125.10463
8775,-26.042286,185.43803,395.35132,57.4734,3.839831,163.97821
8792,-22.895403,191.46416,326.14594,57.560806,6.6476436,165.97609
8808,-19.665562,196.30632,255.75713,57.693348,9.1591425,129.67265
8825,-16.35874,200.00706,189.04243,57.861267,10.789882,61.437843
8841,-13.0052395,202.65248,130.29959,58.04492,11.101202,-25.679646
8859,-9.609245,204.40349,81.398155,58.222313,9.906481,-116.48962
8875,-6.192452,205.42172,42.291485,58.36747,7.2929263,-193.3534
8891,-2.769905,205.85432,10.670807,58.459476,3.6232514,-242.11371
8908,0.6598043,205.7964,-17.370935,58.485207,-0.56400555,-254.11224
8925,4.0805545,205.27148,-46.205532,58.441353,-4.623306,-227.66895
8942,7.496542,204.22726,-80.12991,58.33496,-7.964492,-168.27925
8958,10.886008,202.55504,-122.10564,58.182613,-10.116375,-87.83165
8975,14.243344,200.10394,-173.4814,58.006466,-10.855923,-1.8007116
8992,17.554224,196.72116,-233.32964,57.829796,-10.232148,74.03544
9008,20.794287,192.29631,-298.7631,57.67241,-8.518412,126.950714
9025,23.953352,186.75975,-365.69788,57.54952,-6.181946,147.80025
9042,27.012774,180.12407,-429.4908,57.466805,-3.782606,134.53194
9058,29.949533,172.48961,-486.08392,57.42082,-1.8632655,91.76805
9075,32.75341,163.98477,-533.191,57.39989,-0.8340281,29.498264
9092,35.41263,154.76784,-570.3377,57.387165,-0.9134641,-38.913586
9108,37.907555,145.03052,-598.72766,57.36363,-2.078868,-98.75116
9125,40.24087,134.85733,-621.02454,57.313038,-4.0891895,-138.24571
9141,42.401695,124.34288,-640.16364,57.224747,-6.5294642,-149.3853
9158,44.38123,113.536026,-658.8344,57.095997,-8.894056,-129.8051
9174,46.179302,102.40161,-678.95465,56.931725,-10.696832,-82.71899
9192,47.790028,90.90761,-701.21436,56.745052,-11.542722,-16.599396
9208,49.206097,79.028404,-725.00757,56.554665,-11.214626,56.58283
9227,50.422245,66.73516,-748.8134,56.378853,-9.682799,125.24982
9244,51.430634,54.052387,-770.4207,56.237396,-7.1287847,177.1728
9260,52.224117,41.05085,-787.61536,56.144726,-3.9119155,203.84436
9276,52.7978,27.834858,-798.807,56.108093,-0.4968977,201.49612
9292,53.15016,14.487083,-803.4452,56.12671,2.6434362,171.48953
9307,53.279964,1.097802,-802.03406,56.192368,5.096131,119.92606
9324,53.186996,-12.226565,-795.93805,56.291176,6.5741277,56.397804
9340,52.873425,-25.40689,-786.96216,56.40477,6.9755325,-6.9190593
9358,52.34057,-38.448574,-776.69073,56.517284,6.3983564,-59.752087
9374,51.593674,-51.2854,-766.2052,56.613758,5.0965104,-92.800285
9391,50.634,-63.95491,-755.61743,56.684986,3.4497857,-100.59616
9408,49.462563,-76.46462,-744.0876,56.729053,1.8868166,-82.64056
9425,48.08329,-88.770805,-730.0211,56.7506,0.81222034,-42.989483
9441,46.502785,-100.79303,-711.4517,56.759834,0.52539855,10.4452715
9458,44.728104,-112.43379,-686.5086,56.77274,1.1662381,65.88389
9474,42.763523,-123.597786,-654.0537,56.803566,2.6732557,112.80566
9491,40.616676,-134.16438,-614.0293,56.865227,4.8213263,141.47751
9508,38.296883,-144.02078,-567.65625,56.96582,7.249185,145.37288
9525,35.817905,-153.07272,-517.32904,57.10623,9.521714,122.752495
9542,33.193413,-161.27776,-466.02582,57.280235,11.214629,76.76768
9559,30.44582,-168.6224,-416.7761,57.4745,11.992911,15.248605
9575,27.579092,-175.18561,-371.45444,57.672935,11.689946,-51.574005
9592,24.607233,-181.03712,-331.00174,57.857677,10.304571,-112.51608
9609,21.545042,-186.24916,-294.9627,58.011528,8.029101,-156.9083
9625,18.402735,-190.88301,-261.56448,58.122303,5.2073035,-177.46371
9642,15.185886,-194.96654,-228.15645,58.18436,2.262982,-171.38054
9658,11.909693,-198.46947,-191.91649,58.199406,-0.36822158,-141.0467
9675,8.5763855,-201.32985,-150.22852,58.175713,-2.338587,-93.15942
9691,5.205574,-203.43646,-101.614334,58.126286,-3.4316404,-37.705395
9708,1.8006252,-204.67447,-45.712627,58.065742,-3.6164286,14.583066
9724,-1.6086935,-204.92836,15.947152,58.010227,-3.0376365,52.250805
9741,-5.015553,-204.12392,80.926926,57.967903,-1.9893849,69.711395
9758,-8.404012,-202.23016,145.94197,57.944427,-0.8454928,63.573303
9776,-11.753976,-199.27429,207.6248,57.93823,0.010638256,35.801365
9791,-15.038476,-195.34698,263.22702,57.942184,0.26588252,-7.417446
9809,-18.255981,-190.54509,311.6242,57.94357,-0.26631305,-56.280148
9825,-21.39075,-184.98964,352.97037,57.92906,-1.5878954,-100.46584
9841,-24.418379,-178.81415,388.46793,57.887154,-3.5370119,-130.81433
9858,-27.343687,-172.06827,420.45816,57.80928,-5.8330426,-140.91763
9875,-30.148905,-164.81126,451.23,57.69293,-8.104911,-128.20198
9892,-32.835247,-157.0177,482.97253,57.541115,-9.988622,-94.365105
9908,-35.37961,-148.70265,516.83594,57.364,-11.166467,-45.293335
9925,-37.783554,-139.79167,553.27185,57.174126,-11.4545965,10.994654
9941,-40.031296,-130.26889,591.46094,56.98731,-10.811777,64.976425
9958,-42.11525,-120.106346,629.841,56.81848,-9.354983,107.72421
9975,-44.02594,-109.311035,666.3875,56.67917,-7.324872,132.87099
9992,-45.75589,-97.908905,699.13995,56.57589,-5.0393972,137.45183
10008,-47.288628,-86.0255,726.4393,56.510418,-2.8523793,122.064705
10024,-48.61914,-73.74527,747.6233,56.478664,-1.0637853,90.70741
10042,-49.743763,-61.14719,762.8948,56.471676,0.1189265,50.369705
10058,-50.657,-48.33068,773.1044,56.478626,0.61071676,9.099342
10074,-51.354866,-35.385735,779.46277,56.489124,0.45190307,-25.6755
10091,-51.835735,-22.3732,783.2569,56.49223,-0.17044827,-46.51569
10106,-52.099663,-9.296689,785.36957,56.48248,-0.9977885,-49.887234
10123,-52.14543,3.7955825,786.0842,56.459564,-1.7324718,-35.74404
10140,-51.97274,16.901884,785.05634,56.42756,-2.1018739,-7.050834
10157,-51.582554,29.947433,781.4446,56.39326,-1.9020417,31.356754
10174,-50.97454,42.926617,774.09326,56.367634,-1.0368794,71.93241
10189,-50.153503,55.713776,761.9629,56.362076,0.46220264,106.653984
10206,-49.120934,68.26172,744.37494,56.3857,2.4461339,129.14175
10224,-47.880535,80.48523,721.2955,56.444958,4.670267,134.67654
10240,-46.439808,92.28297,693.468,56.541187,6.8332186,121.7556
10257,-44.807495,103.57949,662.23584,56.67066,8.635719,92.15535
10273,-42.993717,114.32573,629.2331,56.82539,9.834066,50.380272
10290,-41.000732,124.54234,595.85895,56.99464,10.282472,2.9726543
10308,-38.84194,134.20781,563.27484,57.16474,9.946199,-42.02377
10323,-36.526424,143.33902,531.7829,57.32322,8.932876,-77.31362
10340,-34.06293,151.95123,500.89352,57.46035,7.452372,-97.521675
10356,-31.463326,160.03606,469.46866,57.5705,5.781135,-100.20102
10373,-28.735126,167.57712,435.89157,57.65329,4.2063866,-86.37092
10389,-25.886196,174.52962,398.50427,57.71247,2.9745445,-59.899765
10406,-22.925102,180.82214,356.00488,57.75508,2.2468083,-26.899727
10423,-19.865343,186.35977,307.8766,57.78977,2.068481,5.403863
10440,-16.720251,191.05014,254.44875,57.826584,2.3721194,29.034908
10456,-13.506591,194.81377,197.17557,57.87073,2.9649572,39.456642
10473,-10.236352,197.60675,138.04443,57.92525,3.5980737,33.971786
10490,-6.929784,199.4149,79.45649,57.988503,4.006249,13.287951
10507,-3.5971313,200.26743,23.480055,58.05733,3.9542415,-20.449137
10523,-0.25584728,200.21971,-28.411232,58.118546,3.3016438,-58.270916
10540,3.0736277,199.34651,-75.630806,58.163704,2.0241625,-94.1357
10557,6.386154,197.71999,-118.757614,58.183037,0.21260144,-121.10676
10575,9.6578865,195.40689,-158.8915,58.16892,-1.9292978,-133.6606
10589,12.885641,192.43828,-197.83589,58.1183,-4.1428537,-129.48613
10607,16.06238,188.8146,-237.37636,58.032066,-6.150544,-108.98446
10623,19.17503,184.51482,-278.8764,57.91581,-7.703993,-75.64411
10640,22.2101,179.50163,-323.02502,57.778816,-8.633684,-35.288483
10656,25.15014,173.74153,-369.6092,57.63282,-8.878047,4.920516
10673,27.989443,167.18773,-417.74643,57.48759,-8.499939,39.162045
10691,30.716124,159.82048,-465.9845,57.35266,-7.6366405,62.138542
10707,33.314877,151.65622,-512.4635,57.234505,-6.505094,70.94471
10723,35.769695,142.74937,-555.4128,57.135845,-5.348962,65.409615
10740,38.070267,133.16484,-593.621,57.054756,-4.387945,48.38806
10757,40.206,122.98743,-626.5075,56.987682,-3.7810118,23.803009
10773,42.165524,112.3184,-654.2034,56.926956,-3.5945482,-1.8049297
10790,43.94479,101.2205,-677.40967,56.865356,-3.812094,-22.610617
10806,45.53521,89.77332,-697.1225,56.7983,-4.3049297,-34.62402
10823,46.933228,78.0128,-714.34937,56.72151,-4.8987727,-34.41461
10840,48.13429,65.96627,-729.8254,56.635372,-5.385014,-21.760345
10857,49.130737,53.69627,-743.80176,56.543427,-5.5718184,1.5017762
10873,49.921864,41.19128,-756.1647,56.452133,-5.3001704,31.3018
10890,50.502884,28.497934,-766.2904,56.369503,-4.5133133,62.7259
10907,50.87134,15.644503,-773.3811,56.304115,-3.2265494,90.40789
10923,51.024387,2.7272348,-776.6131,56.26406,-1.5484356,109.33267
10940,50.96218,-10.192254,-775.4503,56.253925,0.35010684,116.67914
10956,50.68469,-23.077467,-769.71735,56.275883,2.2674506,111.16366
10974,50.19303,-35.83825,-759.68854,56.328346,3.9919076,93.867
10991,49.49011,-48.400227,-746.01324,56.40704,5.34676,67.46654
11008,48.5809,-60.694996,-729.5673,56.50398,6.218617,36.879723
11024,47.469975,-72.691124,-711.1504,56.61113,6.5773215,6.9398227
11043,46.15856,-84.395836,-691.2374,56.719364,6.4858403,-16.815376
11063,44.65177,-95.777245,-669.9663,56.824745,6.056409,-32.550724
11077,42.963043,-106.75817,-647.18384,56.920994,5.4576035,-37.27939
11092,41.096886,-117.32924,-622.19635,57.006775,4.875026,-31.064102
11109,39.055756,-127.47158,-594.07446,57.08444,4.4699764,-16.440477
11126,36.849667,-137.11365,-562.03796,57.156773,4.352103,3.456006
11143,34.49186,-146.16818,-525.50287,57.231,4.575262,22.432102
11158,31.985594,-154.58656,-484.39294,57.310814,5.080755,36.959713
11174,29.34982,-162.27197,-439.31818,57.400955,5.7558007,42.449673
11192,26.58589,-169.19685,-391.14667,57.50271,6.436676,37.15479
11209,23.71681,-175.29662,-341.45572,57.614407,6.9351625,20.925276
11226,20.749472,-180.57198,-291.5836,57.732338,7.088242,-4.502105
11242,17.704773,-185.0197,-242.98009,57.848133,6.766462,-34.407066
11259,14.587002,-188.67926,-196.19336,57.95494,5.936614,-64.68366
11276,11.41847,-191.57283,-151.52858,58.043457,4.640071,-89.78501
11292,8.209774,-193.7357,-108.492966,58.107395,2.995378,-105.9423
11309,4.969045,-195.18977,-66.11516,58.142216,1.174459,-110.56204
11327,1.7060567,-195.93599,-23.220514,58.146698,-0.6250434,-103.284744
11345,-1.559427,-195.95563,21.17652,58.12259,-2.211371,-85.70465
11361,-4.8209214,-195.21623,67.91436,58.074818,-3.4444249,-61.40885
11376,-8.06154,-193.6777,117.165825,58.010094,-4.2480593,-35.00345
11393,-11.267662,-191.30142,168.54497,57.93554,-4.626372,-11.130697
11410,-14.427032,-188.05814,221.08328,57.85932,-4.664315,5.16278
11425,-17.528778,-183.93439,273.4963,57.783012,-4.4986563,13.43446
11443,-20.552763,-178.95068,324.38867,57.710114,-4.265906,12.374062
11459,-23.486769,-173.14111,372.464,57.640205,-4.127088,3.4142318
11477,-26.317486,-166.55957,416.97452,57.570297,-4.1780095,-10.179575
11494,-29.029346,-159.27849,457.4639,57.498985,-4.482176,-26.053913
11509,-31.617643,-151.34598,494.2045,57.41999,-5.030164,-38.92616
11528,-34.073143,-142.81354,527.76306,57.33017,-5.7474647,-45.59308
11546,-36.37634,-133.76514,558.7631,57.22811,-6.5056915,-43.806057
11562,-38.52839,-124.198555,588.06586,57.11394,-7.15991,-33.007015
11579,-40.52026,-114.135315,616.1792,56.99024,-7.5648427,-14.058528
11593,-42.335968,-103.637,643.1634,56.863056,-7.6021667,10.089603
11611,-43.97297,-92.699005,668.8582,56.738674,-7.215299,35.930702
11627,-45.42493,-81.34031,692.71216,56.62438,-6.41291,59.444595
11644,-46.682858,-69.61852,713.9581,56.526688,-5.2637424,77.25383
11659,-47.742702,-57.569427,731.8949,56.45028,-3.8824081,87.03534
11677,-48.599934,-45.245712,745.9602,56.397743,-2.4121444,87.83741
11692,-49.250267,-32.714657,755.8563,56.369427,-1.0010788,80.12034
11710,-49.690834,-20.038145,761.6121,56.363235,0.22396705,65.81116
11725,-49.918926,-7.313488,763.51917,56.375523,1.173383,47.71178
11742,-49.934658,5.414248,762.06476,56.400856,1.8170857,29.558048
11760,-49.738995,18.070326,757.7392,56.434475,2.1789155,14.450984
11776,-49.332092,30.662998,750.87787,56.472675,2.3271525,4.6920557
11794,-48.716087,43.121304,741.6285,56.510876,2.3801816,2.9650018
11811,-47.895767,55.375023,729.8475,56.548985,2.4678261,8.766904
11827,-46.873196,67.408485,715.11993,56.592957,2.680905,17.63419
11843,-45.65244,79.16998,697.0798,56.64049,3.081816,30.454506
11861,-44.235836,90.620544,675.2462,56.69656,3.7002916,43.277252
11878,-42.633484,101.660645,649.4442,56.764786,4.506674,52.728367
11895,-40.846478,112.26262,619.6312,56.847633,5.4285,56.48213
11912,-38.890415,122.318504,586.3109,56.945812,6.350917,52.877274
11927,-36.77018,131.79932,550.084,57.058743,7.1477947,41.451283
11944,-34.498367,140.65253,511.84637,57.182987,7.696454,23.40876
11961,-32.082867,148.86198,472.3957,57.31421,7.906483,0.70561504
11978,-29.534382,156.41354,432.52084,57.445824,7.7124786,-23.269627
11994,-26.871962,163.28288,392.64038,57.57004,7.1427674,-44.53295
12008,-24.095615,169.49825,352.6033,57.682266,6.2559624,-60.762825
12023,-21.221174,175.04314,312.1544,57.77772,5.157074,-69.88617
12039,-18.263523,179.9006,270.7923,57.85373,3.972658,-71.18248
12059,-15.228893,184.0589,227.8117,57.91026,2.8257399,-65.501686
12074,-12.12915,187.48543,182.68541,57.948612,1.8189164,-54.646
12090,-8.978644,190.1395,135.17825,57.972034,1.0151478,-41.628845
12108,-5.7905946,191.9819,85.40458,57.983536,0.42718616,-29.13164
12128,-2.5769007,192.97855,33.831177,57.986942,0.019752853,-20.163387
12144,0.6403957,193.10594,-18.57692,57.9849,-0.28240037,-16.721247
12161,3.8544493,192.35844,-70.960075,57.978542,-0.57192147,-19.505728
12177,7.044988,190.74803,-122.20619,57.965843,-0.94636965,-26.88709
12193,10.201686,188.29892,-171.58276,57.945385,-1.4777094,-37.432697
12210,13.312709,185.0447,-218.63684,57.915096,-2.2006917,-49.131466
12227,16.368515,181.01929,-263.30814,57.871,-3.1056242,-58.66486
12244,19.35104,176.26752,-305.73856,57.8107,-4.1347246,-63.59974
12260,22.243313,170.8336,-346.32153,57.73311,-5.192861,-62.304405
12277,25.039474,164.73447,-385.6765,57.638107,-6.1705317,-53.97097
12294,27.731756,157.97823,-424.30353,57.528297,-6.9587493,-39.57918
12308,30.30449,150.58691,-462.37177,57.407948,-7.4674335,-21.005463
12323,32.745914,142.57515,-499.85333,57.28092,-7.6390395,0.13788128
12340,35.04875,133.94637,-536.4328,57.15389,-7.4678726,20.337553
12358,37.20541,124.70855,-571.56165,57.033264,-6.990147,36.340363
12375,39.203297,114.90259,-604.4802,56.92218,-6.2866063,47.274353
12392,41.034286,104.56461,-634.52185,56.82439,-5.4530706,51.770912
12409,42.688843,93.75363,-661.136,56.740765,-4.592677,50.42335
12429,44.15869,82.53648,-684.0062,56.67101,-3.7949338,44.50898
12446,45.437115,70.9837,-703.0773,56.613605,-3.1212916,35.977806
12463,46.521896,59.129456,-718.5523,56.566166,-2.5962927,27.072058
12476,47.40567,47.06741,-730.6779,56.52638,-2.2073038,20.047276
12491,48.089283,34.784607,-739.81744,56.492382,-1.9054378,16.420317
12506,48.56598,22.395184,-746.15466,56.46261,-1.6242132,17.694073
12525,48.83516,9.937774,-749.78186,56.43796,-1.289316,23.39721
12541,48.896538,-2.5720859,-750.6231,56.4204,-0.8298918,32.268448
12558,48.749207,-15.078837,-748.4667,56.4112,-0.20044473,43.460438
12574,48.394566,-27.500158,-743.01965,56.41452,0.61173475,54.080547
12592,47.8328,-39.823555,-734.00055,56.432835,1.5869673,62.32327
12609,47.067955,-51.95118,-721.2801,56.46821,2.6676016,66.473
12625,46.10301,-63.835968,-704.8689,56.52189,3.7742522,65.32135
12644,44.94175,-75.42481,-684.9722,56.59349,4.8151727,58.647373
12661,43.589348,-86.66214,-661.9633,56.681664,5.7004576,46.74563
12677,42.05385,-97.48684,-636.3563,56.782345,6.3572726,31.548988
12694,40.340435,-107.87223,-608.5863,56.892048,6.7434525,14.628016
12711,38.457756,-117.77933,-579.06696,57.00658,6.8434734,-2.1429486
12727,36.417843,-127.164635,-548.0658,57.120907,6.685647,-16.489462
12745,34.22058,-136.04189,-515.44275,57.229366,6.3333945,-25.430573
12761,31.881231,-144.35515,-481.0583,57.331173,5.86803,-29.715221
12777,29.411139,-152.0692,-444.63528,57.424442,5.3711095,-29.252506
12794,26.814507,-159.16487,-405.78217,57.510094,4.908055,-25.652086
12811,24.110014,-165.58038,-364.43704,57.58844,4.5216813,-20.438633
12825,21.299416,-171.2958,-320.47397,57.661057,4.2196794,-15.549852
12841,18.399723,-176.25809,-274.2273,57.730354,3.980243,-13.703219
12858,15.423782,-180.43364,-226.20781,57.793983,3.7561877,-14.251204
12875,12.38494,-183.79819,-177.13165,57.854492,3.4750237,-19.608643
12892,9.302419,-186.33653,-127.814964,57.90929,3.0754642,-28.673895
12909,6.1769376,-188.05914,-78.74741,57.95649,2.5009403,-40.472233
12925,3.0389576,-188.96808,-30.701118,57.99194,1.7281388,-52.581387
12944,-0.11321337,-189.08612,16.304361,58.012646,0.76140773,-63.02986
12961,-3.262756,-188.42966,62.2166,58.016197,-0.35685056,-70.21136
12975,-6.3893886,-187.01843,107.15272,58.000347,-1.5530951,-72.487305
12996,-9.49187,-184.85947,151.62411,57.964462,-2.7437158,-69.27229
13014,-12.552164,-181.96086,195.90643,57.909336,-3.835778,-60.77933
13031,-15.565071,-178.3136,240.35382,57.83753,-4.7524834,-48.396194
13043,-18.510786,-173.92227,284.91623,57.751766,-5.436587,-33.3569
13059,-21.381903,-168.77611,329.477,57.657043,-5.867295,-18.392258
13076,-24.158953,-162.8909,373.52512,57.555866,-6.0549006,-4.254071
13093,-26.831352,-156.27582,416.54675,57.453693,-6.03204,6.370422
13110,-29.390022,-148.94463,457.93054,57.352978,-5.86071,12.864745
13128,-31.81449,-140.95924,496.79663,57.257305,-5.632094,14.264408
13145,-34.102802,-132.33633,532.88,57.16524,-5.3993487,12.502348
13161,-36.24059,-123.141335,565.8062,57.075893,-5.2169485,9.482698
13178,-38.220078,-113.421585,595.6024,56.990086,-5.08393,5.738406
13194,-40.031902,-103.23607,622.24585,56.90717,-5.0170264,2.793437
13210,-41.668,-92.64229,646.004,56.824352,-4.970514,3.445829
13227,-43.12315,-81.680405,667.16003,56.741585,-4.877534,8.484812
13245,-44.39463,-70.36514,685.9126,56.661266,-4.6642694,16.902246
13261,-45.47442,-58.757145,702.17456,56.58606,-4.2942038,27.662022
13278,-46.35797,-46.898857,715.81866,56.51872,-3.7331736,39.48534
13294,-47.04041,-34.85777,726.5869,56.462456,-2.9771478,50.765854
13311,-47.520992,-22.648045,734.2255,56.42013,-2.0479543,59.927887
13326,-47.79622,-10.368447,738.4479,56.394615,-0.99826366,65.437706
13343,-47.86624,1.981548,739.1061,56.38725,0.110622875,66.57466
13360,-47.730263,14.297583,736.1572,56.398346,1.200431,63.258957
13376,-47.389305,26.534986,729.71185,56.426884,2.2022092,56.133793
13397,-46.84592,38.622646,719.99945,56.471054,3.0588243,46.206066
13415,-46.10203,50.530117,707.28345,56.527977,3.7390862,35.118435
13432,-45.162674,62.18849,691.8514,56.594753,4.233693,24.309282
13444,-44.029156,73.588684,673.84503,56.66856,4.5635767,15.206701
13459,-42.7071,84.67431,653.37494,56.745007,4.7669516,10.031641
13476,-41.20293,95.39678,630.3572,56.82777,4.8911157,5.553245
13493,-39.526203,105.69559,604.8188,56.91044,4.974818,5.079554
13509,-37.680286,115.55144,576.4754,56.993156,5.0777173,7.6869774
13527,-35.671555,124.9206,545.0927,57.07919,5.2340646,10.242234
13544,-33.514915,133.72581,510.86578,57.168217,5.4167023,11.754253
13561,-31.21353,141.94621,473.7648,57.26014,5.619284,11.3916025
13580,-28.77872,149.53061,434.19824,57.355698,5.779899,7.576866
13596,-26.229153,156.42096,392.68613,57.451027,5.860345,1.6454091
13613,-23.564135,162.61964,349.48917,57.546585,5.8170257,-7.427665
13630,-20.80167,168.08797,305.31543,57.642143,5.5897317,-20.523348
13647,-17.954067,172.8149,260.78992,57.732124,5.1293087,-34.76357
13663,-15.035519,176.79558,216.25668,57.8121,4.4383955,-47.965973
13679,-12.056728,180.03377,171.82343,57.878887,3.5441618,-58.647835
13696,-9.031907,182.52948,127.44015,57.929596,2.503553,-65.46942
13713,-5.9698067,184.28453,82.83888,57.962048,1.3885003,-67.45271
13729,-2.8920534,185.2901,37.875687,57.97582,0.2819518,-64.753365
13745,0.19617438,185.54144,-7.7909503,57.97171,-0.7464516,-58.14207
13762,3.2877688,185.02402,-54.35281,57.951683,-1.6435324,-49.09744
13779,6.3623776,183.72466,-101.612335,57.917854,-2.3782852,-39.04404
13796,9.406915,181.63487,-149.27155,57.873253,-2.9506514,-29.806665
13813,12.410011,178.75056,-196.89418,57.820137,-3.384409,-22.531527
13829,15.358457,175.07732,-243.89107,57.760956,-3.7226384,-18.294207
13846,18.240944,170.62737,-289.70065,57.6972,-4.012761,-17.395586
13863,21.046272,165.4211,-333.82974,57.627167,-4.300245,-17.89424
13880,23.758646,159.49571,-375.82544,57.552563,-4.617229,-19.91303
13896,26.3618,152.90112,-415.43735,57.472736,-4.970028,-21.906229
13911,28.849699,145.66608,-452.72266,57.386826,-5.3448267,-22.3696
13928,31.217491,137.80898,-487.8655,57.29446,-5.7076216,-20.191017
13944,33.442772,129.4087,-520.8316,57.196964,-6.008024,-14.944365
13961,35.52856,120.45337,-551.9653,57.095097,-6.1882634,-6.5083804
13977,37.457283,111.01219,-581.09204,56.993412,-6.2176237,3.282064
13994,39.224777,101.10221,-608.23413,56.891727,-6.0662174,15.335689
14011,40.823498,90.75696,-633.29565,56.79328,-5.698364,28.351143
14028,42.248093,80.000565,-656.00146,56.70237,-5.1230454,40.25976
14045,43.49092,68.881065,-675.97894,56.622906,-4.3733907,49.302
14061,44.54493,57.460316,-692.87305,56.557365,-3.5019338,54.631927
14077,45.40534,45.799282,-706.43,56.50669,-2.5722408,56.29689
14094,46.070095,33.93397,-716.5319,56.471546,-1.6451805,54.355278
14111,46.5358,21.929373,-723.1518,56.45162,-0.7761783,49.468277
14127,46.80034,9.864583,-726.388,56.445297,-0.0038942774,43.01956
14144,46.863823,-2.2343645,-726.4187,56.45077,0.6572846,36.32931
14161,46.725548,-14.330001,-723.40424,56.466602,1.2119288,30.390688
14178,46.385807,-26.358149,-717.48456,56.4905,1.6839626,26.630497
14195,45.84667,-38.256535,-708.7204,56.522015,2.1086938,25.09466
14211,45.111412,-49.970913,-697.098,56.560825,2.5250363,25.603092
14228,44.18272,-61.46722,-682.5199,56.606785,2.9677055,27.819454
14244,43.06468,-72.69527,-664.8667,56.660336,3.457652,30.896309
14261,41.7605,-83.61565,-644.0161,56.721954,3.9990914,33.928707
14277,40.28006,-94.14282,-619.99664,56.79379,4.5721755,34.631447
14294,38.627804,-104.24415,-592.8944,56.8742,5.1415367,33.36772
14311,36.809006,-113.88112,-562.87787,56.964806,5.659264,28.275818
14327,34.836266,-122.98556,-530.3771,57.062756,6.0693207,20.207767
14344,32.71526,-131.53566,-495.74057,57.1655,6.325143,10.014038
14361,30.453934,-139.50314,-459.37997,57.27367,6.3788714,-3.6292129
14378,28.066244,-146.84914,-421.8046,57.379414,6.204102,-16.577375
14395,25.559883,-153.56325,-383.09134,57.480064,5.830519,-27.972004
14411,22.946957,-159.62308,-343.36783,57.572845,5.284972,-36.95505
14428,20.238535,-165.0119,-302.61273,57.65552,4.6122327,-42.9721
14445,17.445946,-169.71144,-260.72058,57.726322,3.8666432,-45.739994
14461,14.584334,-173.69768,-217.62746,57.784355,3.1014695,-45.544247
14477,11.664123,-176.95326,-173.24266,57.82978,2.3592453,-43.207577
14494,8.694122,-179.46036,-127.55062,57.86341,1.6664565,-39.879074
14511,5.686955,-181.19745,-80.72547,57.88574,1.0322951,-36.41785
14527,2.6628342,-182.14597,-33.20588,57.89787,0.44777244,-33.95214
14545,-0.37046462,-182.3001,14.67505,57.90078,-0.10923138,-33.274525
14561,-3.4087758,-181.65472,62.567562,57.894238,-0.67138135,-34.274944
14577,-6.4206543,-180.21988,109.72968,57.87829,-1.2607851,-36.78304
14594,-9.407504,-178.00325,155.98956,57.85184,-1.8998916,-39.808453
14610,-12.345778,-175.03172,200.91786,57.81465,-2.588513,-42.65398
14627,-15.233585,-171.31654,244.54712,57.765568,-3.3143926,-44.09132
14644,-18.050123,-166.89145,286.73575,57.704388,-4.0442233,-43.239716
14660,-20.79204,-161.76523,327.6804,57.631107,-4.7365346,-39.500797
14675,-23.43814,-155.97745,367.32373,57.5467,-5.340745,-32.59244
14696,-25.983915,-149.53543,405.81506,57.453697,-5.8116603,-23.47495
14712,-28.417082,-142.46219,443.10077,57.353745,-6.11395,-12.3449745
14729,-30.728655,-134.77383,479.03583,57.252,-6.229579,-1.7320776
14747,-32.907124,-126.500175,513.28033,57.150253,-6.175455,8.184998
14763,-34.944183,-117.665985,545.6315,57.048447,-5.9548426,18.389353
14780,-36.828373,-108.31571,575.7458,56.95222,-5.581613,26.19514
14795,-38.55167,-98.49054,603.27966,56.863163,-5.0978317,31.533922
14809,-40.107567,-88.23012,627.95715,56.783035,-4.547416,34.14407
14825,-41.48924,-77.58366,649.593,56.711754,-3.9688387,34.96629
14842,-42.69135,-66.59637,668.079,56.65073,-3.394261,33.828285
14860,-43.706768,-55.340942,683.392,56.59843,-2.8420413,32.510017
14877,-44.532825,-43.85664,695.5862,56.555973,-2.3164613,30.77621
14894,-45.166096,-32.1946,704.75433,56.521503,-1.8086921,30.309406
14913,-45.60468,-20.383356,710.96454,56.495354,-1.2980115,31.191746
14930,-45.845245,-8.514701,714.208,56.478497,-0.76526654,33.043327
14947,-45.88784,3.3976665,714.49023,56.469994,-0.18699679,36.562233
14963,-45.73213,15.2822075,711.715,56.472504,0.44904998,39.981686
14979,-45.378407,27.108713,705.7989,56.485783,1.1467301,43.383205
14996,-44.82877,38.80275,696.66583,56.51106,1.8930651,45.72735
15013,-44.086113,50.310566,684.2863,56.549007,2.663571,46.247105
15029,-43.153603,61.58521,668.692,56.599766,3.4240012,44.45415
15046,-42.035572,72.57406,650.0013,56.662796,4.134015,40.20056
15063,-40.73635,83.23323,628.39545,56.73664,4.753181,33.87916
15079,-39.263508,93.50358,604.1264,56.820503,5.2473483,25.28301
15096,-37.624104,103.34343,577.4691,56.91078,5.592614,16.023407
15113,-35.82126,112.73747,548.5949,57.006226,5.774841,6.226412
15129,-33.86707,121.62788,517.7224,57.101612,5.8107815,-1.6738048
15146,-31.769073,129.9871,484.8886,57.197,5.7241864,-8.635039
15162,-29.540503,137.76999,450.27206,57.29201,5.523246,-15.466607
15180,-27.181479,144.97858,413.78036,57.381092,5.2358737,-19.238811
15196,-24.708921,151.55966,375.50867,57.465412,4.8898,-21.885136
15213,-22.130472,157.4913,335.44128,57.54383,4.5078545,-23.55518
15230,-19.458746,162.7403,293.6932,57.61575,4.103093,-24.812996
15247,-16.707026,167.27766,250.46384,57.68082,3.6778457,-26.309944
15263,-13.890864,171.07732,206.06757,57.738487,3.2250865,-28.478788
15277,-11.014196,174.13322,160.69186,57.787716,2.7304814,-31.173664
15293,-8.089422,176.43013,114.68932,57.828876,2.1778944,-35.186302
15309,-5.1327415,177.95761,68.48225,57.859955,1.5534041,-39.618313
15327,-2.1623797,178.71417,22.460072,57.8802,0.853855,-44.227528
15345,0.8177828,178.70653,-23.275227,57.88808,0.08245913,-48.083733
15362,3.7950394,177.9391,-68.57023,57.882557,-0.7435396,-50.506783
15378,6.7461433,176.42491,-113.19121,57.86316,-1.592661,-51.01234
15396,9.671099,174.16791,-157.30997,57.829704,-2.432299,-49.276447
15411,12.5454445,171.1878,-200.74731,57.78267,-3.2197003,-45.164173
15426,15.3642025,167.48984,-243.59674,57.722927,-3.9199467,-38.830013
15442,18.11879,163.07841,-285.83548,57.652462,-4.504846,-31.066784
15460,20.794054,157.96979,-327.27695,57.573326,-4.9534903,-22.521557
15478,23.37698,152.18257,-367.66608,57.488106,-5.2616453,-14.106782
15499,25.86092,145.72495,-406.82275,57.39908,-5.429915,-6.5655427
15515,28.227676,138.64162,-444.20312,57.31021,-5.4936986,-1.4186692
15530,30.472809,130.94803,-479.56516,57.22129,-5.484774,2.3393507
15544,32.586235,122.67917,-512.69446,57.132317,-5.4178944,5.703291
15559,34.558582,113.8724,-543.484,57.04329,-5.2913938,9.646669
15576,36.381996,104.56097,-571.89233,56.955822,-5.089917,14.008896
15593,38.04716,94.79097,-597.72156,56.873005,-4.8291683,17.697037
15609,39.543102,84.63019,-620.8609,56.795425,-4.503687,21.291597
15628,40.868073,74.09338,-641.3105,56.723377,-4.1139617,25.234697
15645,42.012566,63.258244,-658.9482,56.658226,-3.658867,29.449863
15661,42.97371,52.159637,-673.72797,56.601837,-3.136963,33.25082
15677,43.750183,40.804844,-685.62744,56.55417,-2.549379,37.0884
15694,44.33402,29.311087,-694.4927,56.51721,-1.9038692,40.24208
15713,44.7256,17.68809,-700.29895,56.49116,-1.2093863,42.80416
15730,44.92302,5.9803452,-702.97925,56.47697,-0.48003346,44.38475
15747,44.92483,-5.7526965,-702.4871,56.475136,0.26591608,44.794952
15763,44.731567,-17.430006,-698.8261,56.485695,1.0067859,44.006508
15780,44.34355,-29.040842,-692.0132,56.50837,1.7251346,42.12222
15797,43.76285,-40.512024,-682.10583,56.54312,2.4011877,38.941223
15813,42.99273,-51.785988,-669.2009,56.588596,3.0200675,35.02293
15830,42.035847,-62.826904,-653.3869,56.643425,3.57036,30.87002
15846,40.9,-73.554855,-634.8101,56.706856,4.045698,26.337164
15863,39.5857,-83.96928,-613.49664,56.77784,4.444273,21.64375
15880,38.099854,-94.012215,-589.5657,56.85424,4.765447,17.462572
15894,36.45398,-103.61192,-563.1634,56.93675,5.010433,12.406057
15911,34.650898,-112.75718,-534.31445,57.020985,5.1898437,8.665712
15927,32.702034,-121.392075,-503.1992,57.10985,5.2881856,3.3413339
15945,30.609962,-129.50546,-469.8881,57.19888,5.304451,-1.3610139
15961,28.388765,-137.04214,-434.57733,57.287853,5.241068,-6.3760195
15978,26.046995,-143.9752,-397.45615,57.37467,5.089045,-11.216995
15996,23.590454,-150.28601,-358.52255,57.457436,4.869813,-15.495823
16011,21.04032,-155.92137,-318.1955,57.53598,4.569423,-20.197556
16028,18.397184,-160.88268,-276.51248,57.609188,4.187823,-25.228603
16045,15.683747,-165.13023,-233.89265,57.675297,3.7237258,-30.37326
16062,12.898834,-168.66937,-190.37209,57.73305,3.174868,-35.303974
16078,10.062693,-171.47583,-146.28488,57.78085,2.549928,-39.662872
16094,7.185911,-173.54395,-101.80177,57.817524,1.8578593,-43.14058
16109,4.280853,-174.8682,-57.077,57.842346,1.1150069,-45.62114
16127,1.3634515,-175.44556,-12.295833,57.85451,0.3422467,-46.82221
16144,-1.5555952,-175.27756,32.45478,57.853718,-0.4384187,-46.642918
16163,-4.4691424,-174.36421,77.146095,57.839985,-1.205432,-45.09769
16180,-7.3629913,-172.70671,121.63085,57.813686,-1.9368212,-42.31592
16197,-10.223052,-170.31065,165.7409,57.77568,-2.613934,-38.597725
16214,-13.040403,-167.17926,209.36142,57.727238,-3.2230773,-34.428696
16230,-15.799459,-163.32579,252.24026,57.668484,-3.7555213,-29.364584
16246,-18.480305,-158.77902,294.0372,57.602047,-4.2045746,-24.387344
16263,-21.082836,-153.53967,334.69763,57.52875,-4.572823,-19.473331
16280,-23.595451,-147.62692,373.9844,57.45014,-4.862485,-14.85562
16294,-26.002623,-141.0761,411.64206,57.367474,-5.0697436,-10.419069
16309,-28.296783,-133.90855,447.4541,57.281548,-5.2119,-5.8294787
16333,-30.466501,-126.15917,481.37537,57.192467,-5.2614617,-0.21562195
16349,-32.498775,-117.87642,513.17255,57.103546,-5.2198963,5.2613306
16363,-34.393215,-109.0606,542.8216,57.01698,-5.0870576,9.851042
16377,-36.13549,-99.77624,569.9856,56.93426,-4.894035,13.653189
16393,-37.720154,-90.053375,594.67255,56.854668,-4.6257277,17.940681
16411,-39.137615,-79.95258,616.7254,56.780075,-4.2880797,22.362446
16428,-40.38446,-69.50011,636.10425,56.711933,-3.8786075,26.60755
16445,-41.454945,-58.740833,652.7231,56.651142,-3.398312,30.748844
16462,-42.342262,-47.74791,666.4695,56.598522,-2.8513458,34.900043
16479,-43.045757,-36.530037,677.28986,56.55636,-2.243866,37.916225
16496,-43.560905,-25.149733,685.1009,56.524292,-1.5864226,40.48904
16512,-43.884495,-13.6923065,689.8209,56.50341,-0.8957809,42.22735
16529,-44.016754,-2.1683323,691.4325,56.494183,-0.18586364,42.9526
16546,-43.956627,9.363269,689.90985,56.49719,0.5254948,42.37862
16562,-43.704998,20.822887,685.2829,56.511944,1.2194442,40.78775
16579,-43.26261,32.193424,677.5857,56.53794,1.8823888,38.392418
16595,-42.631763,43.41044,666.8905,56.574177,2.4999,35.604317
16612,-41.816013,54.417892,653.2702,56.62104,3.0616653,31.78535
16629,-40.818115,65.180954,636.8103,56.6761,3.561918,28.130571
16646,-39.642387,75.65248,617.5838,56.738926,3.9975975,24.383247
16662,-38.29722,85.76277,595.7242,56.808712,4.365176,20.338762
16678,-36.7868,95.487305,571.2878,56.884567,4.664889,15.938938
16695,-35.115765,104.794815,544.3296,56.96472,4.899847,11.63541
16712,-33.292225,113.63808,515.00574,57.04749,5.058861,7.692101
16728,-31.330154,121.9531,483.44443,57.13103,5.1620097,4.272573
16746,-29.232826,129.72923,449.7728,57.220005,5.177483,-2.436327
16762,-27.00934,136.9335,414.2874,57.305367,5.088918,-7.3417993
16779,-24.670774,143.53102,376.99918,57.388035,4.9302654,-12.024227
16796,-22.225994,149.49724,338.16843,57.46874,4.677822,-17.808218
16812,-19.6918,154.79547,298.09048,57.54411,4.3356185,-23.420815
16829,-17.073408,159.41959,256.88834,57.612625,3.9030173,-28.529005
16846,-14.378841,163.35591,214.69713,57.67348,3.3856225,-33.285614
16862,-11.631159,166.57484,171.87955,57.725216,2.794216,-37.504673
16879,-8.834162,169.07716,128.4608,57.76648,2.1423724,-40.72588
16896,-5.998106,170.85408,84.56232,57.79626,1.4451078,-42.723244
16912,-3.1368198,171.89655,40.341022,57.814304,0.72144127,-43.675674
16929,-0.2729209,172.1995,-3.910128,57.82022,-0.0071795047,-43.54428
16946,2.5984771,171.76338,-48.315693,57.81407,-0.72741127,-42.420353
16962,5.44959,170.5907,-92.48092,57.796265,-1.4197327,-40.511032
16978,8.275064,168.6849,-136.34148,57.76734,-2.0727122,-37.988792
16995,11.066068,166.04926,-179.75691,57.727287,-2.67798,-34.56962
17012,13.808757,162.69305,-222.49571,57.67843,-3.2274272,-31.355375
17029,16.48954,158.63142,-264.32437,57.62008,-3.7163386,-27.340302
17046,19.092201,153.89008,-304.96835,57.554447,-4.139139,-23.258799
17062,21.611828,148.47926,-344.3268,57.482487,-4.49448,-19.09943
